{
  "/tmp/abac-graphify/properties_access_control.go": 1776137426.9676197,
  "/tmp/abac-graphify/store_access_control_policy.go": 1776137426.960758,
  "/tmp/abac-graphify/api4_access_control.go": 1776137426.9422872,
  "/tmp/abac-graphify/app_job.go": 1776137426.938546,
  "/tmp/abac-graphify/einterfaces_job_access_control.go": 1776137426.946328,
  "/tmp/abac-graphify/model_job.go": 1776137426.9573705,
  "/tmp/abac-graphify/model_property_access_control.go": 1776137426.9534762,
  "/tmp/abac-graphify/mock_sync_job.go": 1776137426.964066,
  "/tmp/abac-graphify/properties_service.go": 1776137426.9717302,
  "/tmp/abac-graphify/einterfaces_access_control.go": 1776137426.9494402,
  "/tmp/abac-graphify/access_control.go": 1776137426.9348953
}